#SampleID	BarcodeSequence	LinkerPrimerSequence	BarcodeName	ReversePrimer	ProjectName	Description	Samples	Group	Tyrosine	Dopamine	L_DOPA	Methylcatechol	Hydroquinone	coral_healthy	tissue_healthy
MWS1	CGTAACCA	AGRGTTTGATCMTGGCTCAG	HPIll27Fbar1	GTNTTACNGCGGCKGCTG	020218JPG27F	MWS1	WS 1	white_spot_diseased	0.040666666666667	0.033719431121836	0.1795	0.036166667	0.013	n	n
MWS2	CGTAAGAA	AGRGTTTGATCMTGGCTCAG	HPIll27Fbar2	GTNTTACNGCGGCKGCTG	020218JPG27F	MWS2	WS 2	white_spot_diseased	0.010333333333333	0.052630451562499	0.169666666666667	0.033	0.014	n	n
MWS3	CGTACCCA	AGRGTTTGATCMTGGCTCAG	HPIll27Fbar3	GTNTTACNGCGGCKGCTG	020218JPG27F	MWS3	WS 3	white_spot_diseased	0.013333333333333	0.0485	0.1435	0.040666666666667	0.017666666666667	n	n
MWS4	CGTAGATA	AGRGTTTGATCMTGGCTCAG	HPIll27Fbar4	GTNTTACNGCGGCKGCTG	020218JPG27F	MWS4	WS 4	white_spot_diseased	0.021666666666667	0.063887960902458	0.162666666666667	0.034	0.013666666666667	n	n
MWS5	CGTAGGCT	AGRGTTTGATCMTGGCTCAG	HPIll27Fbar5	GTNTTACNGCGGCKGCTG	020218JPG27F	MWS5	WS 5	white_spot_diseased	0.055333333333333	0.074812473521751	0.167333333333333	0.037	0.018	n	n
MWS.H1	CGTATTCA	AGRGTTTGATCMTGGCTCAG	HPIll27Fbar6	GTNTTACNGCGGCKGCTG	020218JPG27F	MWS.H1	WSH 1	white_spot_healthy	0.277666666666667	0.115869401502672	0.3525	0.0335	0.021666666666667	n	y
MWS.H2	CGTATTTC	AGRGTTTGATCMTGGCTCAG	HPIll27Fbar7	GTNTTACNGCGGCKGCTG	020218JPG27F	MWS.H2	WSH 2	white_spot_healthy	0.229	0.158892325907664	0.374333333333333	0.042666666666667	0.012333333333333	n	y
MWS.H3	CGTCAAGA	AGRGTTTGATCMTGGCTCAG	HPIll27Fbar8	GTNTTACNGCGGCKGCTG	020218JPG27F	MWS.H3	WSH 3	white_spot_healthy	0.031666666666667	0.195485930914946	0.322666666666667	0.042	0.019666666666667	n	y
MWS.H4	CGTCACAG	AGRGTTTGATCMTGGCTCAG	HPIll27Fbar9	GTNTTACNGCGGCKGCTG	020218JPG27F	MWS.H4	WSH 4	white_spot_healthy	0.1585	0.091502783698342	0.199	0.0375	0.023333333333333	n	y
MWS.H5	CGTCCAGG	AGRGTTTGATCMTGGCTCAG	HPIll27Fbar10	GTNTTACNGCGGCKGCTG	020218JPG27F	MWS.H5	WSH 5	white_spot_healthy	0.107	0.076276087426141	0.305	0.033333333333333	0.017666666666667	n	y
MH1	CGTCGCAT	AGRGTTTGATCMTGGCTCAG	HPIll27Fbar11	GTNTTACNGCGGCKGCTG	020218JPG27F	MH1	HT 1	healthy	0.581	0.064009712020124	0.481666666666667	0.043666666666667	0.009333333333333	y	y
MH2	CGTCTGAA	AGRGTTTGATCMTGGCTCAG	HPIll27Fbar12	GTNTTACNGCGGCKGCTG	020218JPG27F	MH2	HT 2	healthy	0.17	0.081951958558924	0.484666666666667	0.043333333333333	0.006	y	y
MH3	CGTGAGAC	AGRGTTTGATCMTGGCTCAG	HPIll27Fbar13	GTNTTACNGCGGCKGCTG	020218JPG27F	MH3	HT 3	healthy	0.262	0.044522894934196	0.421	0.020333333333333	0.012	y	y
MH4	CGTGATAA	AGRGTTTGATCMTGGCTCAG	HPIll27Fbar14	GTNTTACNGCGGCKGCTG	020218JPG27F	MH4	HT 4	healthy	0.157	0.057	0.252	0.043	0.011666666666667	y	y
MH5	CGTGGGAC	AGRGTTTGATCMTGGCTCAG	HPIll27Fbar15	GTNTTACNGCGGCKGCTG	020218JPG27F	MH5	HT 5	healthy	0.1	0.026624082883577	0.1815	0.036733333333333	0.01	y	y
