index,D_0__Bacteria;D_1__Acidobacteria,D_0__Bacteria;D_1__Actinobacteria,D_0__Bacteria;D_1__Bacteroidetes,D_0__Bacteria;D_1__Chloroflexi,D_0__Bacteria;D_1__Cloacimonetes,D_0__Bacteria;D_1__Cyanobacteria,D_0__Bacteria;D_1__Dependentiae,D_0__Bacteria;D_1__Epsilonbacteraeota,D_0__Bacteria;D_1__Fibrobacteres,D_0__Bacteria;D_1__Firmicutes,D_0__Bacteria;D_1__Fusobacteria,D_0__Bacteria;D_1__Gemmatimonadetes,D_0__Bacteria;D_1__Kiritimatiellaeota,D_0__Bacteria;D_1__Lentisphaerae,D_0__Bacteria;D_1__Marinimicrobia (SAR406 clade),D_0__Bacteria;D_1__Patescibacteria,D_0__Bacteria;D_1__Planctomycetes,D_0__Bacteria;D_1__Proteobacteria,D_0__Bacteria;D_1__Spirochaetes,D_0__Bacteria;D_1__Tenericutes,D_0__Bacteria;D_1__Verrucomicrobia,D_0__Bacteria;__,Unassigned;__,BarcodeSequence,LinkerPrimerSequence,BarcodeName,ReversePrimer,ProjectName,Description,Samples,Group,Tyrosine,Dopamine,L_DOPA,Methylcatechol,Hydroquinone,coral_healthy,tissue_healthy
MH1,0.0,0.0,47.0,0.0,0.0,33.0,0.0,0.0,0.0,0.0,0.0,0.0,94.0,0.0,0.0,0.0,185.0,16661.0,0.0,0.0,0.0,0.0,7703.0,CGTCGCAT,AGRGTTTGATCMTGGCTCAG,HPIll27Fbar11,GTNTTACNGCGGCKGCTG,020218JPG27F,MH1,HT 1,healthy,0.581,0.064009712020124,0.4816666666666671,0.043666666666667,0.009333333333333,y,y
MH2,0.0,264.0,132.0,0.0,0.0,70.0,0.0,8.0,0.0,267.0,0.0,0.0,0.0,0.0,0.0,3.0,196.0,21714.0,0.0,0.0,0.0,0.0,2347.0,CGTCTGAA,AGRGTTTGATCMTGGCTCAG,HPIll27Fbar12,GTNTTACNGCGGCKGCTG,020218JPG27F,MH2,HT 2,healthy,0.17,0.08195195855892401,0.4846666666666671,0.043333333333333,0.006,y,y
MH3,0.0,465.0,117.0,0.0,0.0,3.0,0.0,0.0,0.0,62.0,0.0,0.0,0.0,0.0,0.0,17.0,793.0,11963.0,0.0,0.0,0.0,0.0,11613.0,CGTGAGAC,AGRGTTTGATCMTGGCTCAG,HPIll27Fbar13,GTNTTACNGCGGCKGCTG,020218JPG27F,MH3,HT 3,healthy,0.262,0.044522894934196,0.42100000000000004,0.020333333333333,0.012,y,y
MH4,19.0,925.0,851.0,0.0,0.0,141.0,0.0,10.0,0.0,373.0,0.0,0.0,0.0,0.0,0.0,24.0,11.0,16071.0,2.0,0.0,0.0,0.0,6406.0,CGTGATAA,AGRGTTTGATCMTGGCTCAG,HPIll27Fbar14,GTNTTACNGCGGCKGCTG,020218JPG27F,MH4,HT 4,healthy,0.157,0.057,0.252,0.043,0.011666666666667,y,y
MH5,0.0,109.0,389.0,0.0,0.0,454.0,0.0,0.0,0.0,249.0,0.0,0.0,0.0,0.0,41.0,0.0,9.0,14096.0,0.0,0.0,0.0,0.0,9391.0,CGTGGGAC,AGRGTTTGATCMTGGCTCAG,HPIll27Fbar15,GTNTTACNGCGGCKGCTG,020218JPG27F,MH5,HT 5,healthy,0.1,0.026624082883577004,0.1815,0.036733333333333,0.01,y,y
MWS.H1,0.0,135.0,506.0,0.0,0.0,400.0,0.0,0.0,0.0,296.0,0.0,0.0,0.0,0.0,0.0,48.0,115.0,14847.0,63.0,611.0,90.0,0.0,7773.0,CGTATTCA,AGRGTTTGATCMTGGCTCAG,HPIll27Fbar6,GTNTTACNGCGGCKGCTG,020218JPG27F,MWS.H1,WSH 1,white_syndrome_healthy,0.27766666666666695,0.11586940150267201,0.3525,0.0335,0.021666666666667,n,y
MWS.H2,0.0,98.0,16.0,0.0,0.0,575.0,0.0,0.0,0.0,67.0,20.0,62.0,0.0,0.0,0.0,0.0,454.0,18265.0,0.0,0.0,78.0,0.0,5289.0,CGTATTTC,AGRGTTTGATCMTGGCTCAG,HPIll27Fbar7,GTNTTACNGCGGCKGCTG,020218JPG27F,MWS.H2,WSH 2,white_syndrome_healthy,0.22899999999999998,0.158892325907664,0.3743333333333329,0.042666666666667,0.012333333333333,n,y
MWS.H3,0.0,549.0,975.0,159.0,0.0,12.0,0.0,16.0,108.0,877.0,0.0,0.0,0.0,23.0,0.0,39.0,109.0,15100.0,0.0,11.0,0.0,0.0,6679.0,CGTCAAGA,AGRGTTTGATCMTGGCTCAG,HPIll27Fbar8,GTNTTACNGCGGCKGCTG,020218JPG27F,MWS.H3,WSH 3,white_syndrome_healthy,0.031666666666667,0.195485930914946,0.322666666666667,0.042,0.019666666666667,n,y
MWS.H4,0.0,298.0,14.0,0.0,0.0,28.0,0.0,1.0,0.0,77.0,0.0,0.0,0.0,0.0,0.0,0.0,116.0,21860.0,0.0,0.0,0.0,21.0,2291.0,CGTCACAG,AGRGTTTGATCMTGGCTCAG,HPIll27Fbar9,GTNTTACNGCGGCKGCTG,020218JPG27F,MWS.H4,WSH 4,white_syndrome_healthy,0.1585,0.091502783698342,0.19899999999999998,0.0375,0.023333333333332994,n,y
MWS.H5,0.0,16.0,199.0,0.0,0.0,0.0,0.0,70.0,0.0,0.0,0.0,0.0,0.0,0.0,0.0,72.0,21.0,23177.0,8.0,0.0,0.0,0.0,1346.0,CGTCCAGG,AGRGTTTGATCMTGGCTCAG,HPIll27Fbar10,GTNTTACNGCGGCKGCTG,020218JPG27F,MWS.H5,WSH 5,white_syndrome_healthy,0.107,0.07627608742614099,0.305,0.03333333333333299,0.017666666666667,n,y
MWS1,0.0,5.0,6260.0,0.0,0.0,36.0,0.0,53.0,0.0,52.0,0.0,0.0,0.0,100.0,0.0,124.0,24.0,9322.0,96.0,0.0,93.0,0.0,8307.0,CGTAACCA,AGRGTTTGATCMTGGCTCAG,HPIll27Fbar1,GTNTTACNGCGGCKGCTG,020218JPG27F,MWS1,WS 1,white_syndrome_diseased,0.040666666666667003,0.033719431121836,0.1795,0.036166667,0.013000000000000001,n,n
MWS2,0.0,0.0,4391.0,11.0,0.0,999.0,14.0,12.0,0.0,92.0,0.0,0.0,75.0,18.0,0.0,244.0,386.0,10590.0,27.0,0.0,612.0,0.0,6151.0,CGTAAGAA,AGRGTTTGATCMTGGCTCAG,HPIll27Fbar2,GTNTTACNGCGGCKGCTG,020218JPG27F,MWS2,WS 2,white_syndrome_diseased,0.010333333333333,0.052630451562499,0.16966666666666697,0.033,0.013999999999999999,n,n
MWS3,0.0,8.0,3672.0,0.0,42.0,80.0,0.0,2344.0,63.0,41.0,0.0,0.0,0.0,163.0,0.0,2020.0,19.0,11353.0,478.0,6.0,139.0,0.0,3665.0,CGTACCCA,AGRGTTTGATCMTGGCTCAG,HPIll27Fbar3,GTNTTACNGCGGCKGCTG,020218JPG27F,MWS3,WS 3,white_syndrome_diseased,0.013333333333333,0.0485,0.1435,0.040666666666667003,0.017666666666667,n,n
MWS4,11.0,36.0,4350.0,0.0,0.0,191.0,0.0,10.0,0.0,50.0,0.0,0.0,0.0,0.0,0.0,21.0,192.0,13203.0,0.0,0.0,30.0,0.0,6408.0,CGTAGATA,AGRGTTTGATCMTGGCTCAG,HPIll27Fbar4,GTNTTACNGCGGCKGCTG,020218JPG27F,MWS4,WS 4,white_syndrome_diseased,0.021666666666667,0.063887960902458,0.162666666666667,0.034,0.013666666666667,n,n
MWS5,0.0,191.0,294.0,38.0,0.0,122.0,0.0,17.0,0.0,16.0,0.0,0.0,0.0,0.0,0.0,0.0,309.0,22016.0,0.0,0.0,0.0,0.0,1771.0,CGTAGGCT,AGRGTTTGATCMTGGCTCAG,HPIll27Fbar5,GTNTTACNGCGGCKGCTG,020218JPG27F,MWS5,WS 5,white_syndrome_diseased,0.055333333333333005,0.074812473521751,0.167333333333333,0.037000000000000005,0.018000000000000002,n,n
